OBJECTID,LIEN_WWW
"1",https://ge.ch/terextraitfoncier/rapport.aspx?commune=46&parcelle=5751
"2",https://ge.ch/terextraitfoncier/rapport.aspx?commune=7&parcelle=8111
"3",https://ge.ch/terextraitfoncier/rapport.aspx?commune=43&parcelle=5509
"4",https://ge.ch/terextraitfoncier/rapport.aspx?commune=43&parcelle=4165
"5",https://ge.ch/terextraitfoncier/rapport.aspx?commune=43&parcelle=2971
"6",https://ge.ch/terextraitfoncier/rapport.aspx?commune=46&parcelle=5603
"7",https://ge.ch/terextraitfoncier/rapport.aspx?commune=9&parcelle=2906
"8",https://ge.ch/terextraitfoncier/rapport.aspx?commune=19&parcelle=4727
"9",https://ge.ch/terextraitfoncier/rapport.aspx?commune=7&parcelle=8330
"10",https://ge.ch/terextraitfoncier/rapport.aspx?commune=31&parcelle=3803
"11",https://ge.ch/terextraitfoncier/rapport.aspx?commune=23&parcelle=3973
"12",https://ge.ch/terextraitfoncier/rapport.aspx?commune=23&parcelle=4782
"13",https://ge.ch/terextraitfoncier/rapport.aspx?commune=23&parcelle=5704
"14",https://ge.ch/terextraitfoncier/rapport.aspx?commune=23&parcelle=5703
"15",https://ge.ch/terextraitfoncier/rapport.aspx?commune=34&parcelle=2278
"16",https://ge.ch/terextraitfoncier/rapport.aspx?commune=43&parcelle=4230
"17",https://ge.ch/terextraitfoncier/rapport.aspx?commune=43&parcelle=5440
"18",https://ge.ch/terextraitfoncier/rapport.aspx?commune=43&parcelle=4284
"19",https://ge.ch/terextraitfoncier/rapport.aspx?commune=43&parcelle=4306
"20",https://ge.ch/terextraitfoncier/rapport.aspx?commune=22&parcelle=3505
"21",https://ge.ch/terextraitfoncier/rapport.aspx?commune=43&parcelle=5359
"22",https://ge.ch/terextraitfoncier/rapport.aspx?commune=46&parcelle=4769
"23",https://ge.ch/terextraitfoncier/rapport.aspx?commune=46&parcelle=419
"24",https://ge.ch/terextraitfoncier/rapport.aspx?commune=22&parcelle=3534
"25",https://ge.ch/terextraitfoncier/rapport.aspx?commune=47&parcelle=7162
"26",https://ge.ch/terextraitfoncier/rapport.aspx?commune=22&parcelle=3533
"27",https://ge.ch/terextraitfoncier/rapport.aspx?commune=12&parcelle=3267
"28",https://ge.ch/terextraitfoncier/rapport.aspx?commune=8&parcelle=1498
"29",https://ge.ch/terextraitfoncier/rapport.aspx?commune=12&parcelle=3314
"30",https://ge.ch/terextraitfoncier/rapport.aspx?commune=8&parcelle=2135
"31",https://ge.ch/terextraitfoncier/rapport.aspx?commune=8&parcelle=488
"32",https://ge.ch/terextraitfoncier/rapport.aspx?commune=12&parcelle=3268
"33",https://ge.ch/terextraitfoncier/rapport.aspx?commune=12&parcelle=3263
"34",https://ge.ch/terextraitfoncier/rapport.aspx?commune=43&parcelle=5619
"35",https://ge.ch/terextraitfoncier/rapport.aspx?commune=8&parcelle=487
"36",https://ge.ch/terextraitfoncier/rapport.aspx?commune=12&parcelle=3264
"37",https://ge.ch/terextraitfoncier/rapport.aspx?commune=46&parcelle=3351
"38",https://ge.ch/terextraitfoncier/rapport.aspx?commune=46&parcelle=5333
"39",https://ge.ch/terextraitfoncier/rapport.aspx?commune=46&parcelle=5331
"40",https://ge.ch/terextraitfoncier/rapport.aspx?commune=46&parcelle=5374
"41",https://ge.ch/terextraitfoncier/rapport.aspx?commune=46&parcelle=4989
"42",https://ge.ch/terextraitfoncier/rapport.aspx?commune=8&parcelle=489
"43",https://ge.ch/terextraitfoncier/rapport.aspx?commune=47&parcelle=5557
"44",https://ge.ch/terextraitfoncier/rapport.aspx?commune=47&parcelle=5852
"45",https://ge.ch/terextraitfoncier/rapport.aspx?commune=47&parcelle=6559
"46",https://ge.ch/terextraitfoncier/rapport.aspx?commune=47&parcelle=6309
"47",https://ge.ch/terextraitfoncier/rapport.aspx?commune=47&parcelle=6307
"48",https://ge.ch/terextraitfoncier/rapport.aspx?commune=47&parcelle=6507
"49",https://ge.ch/terextraitfoncier/rapport.aspx?commune=47&parcelle=5432
"50",https://ge.ch/terextraitfoncier/rapport.aspx?commune=47&parcelle=6382
"51",https://ge.ch/terextraitfoncier/rapport.aspx?commune=47&parcelle=6707
"52",https://ge.ch/terextraitfoncier/rapport.aspx?commune=47&parcelle=6690
"53",https://ge.ch/terextraitfoncier/rapport.aspx?commune=47&parcelle=7107
"54",https://ge.ch/terextraitfoncier/rapport.aspx?commune=31&parcelle=2586
"55",https://ge.ch/terextraitfoncier/rapport.aspx?commune=47&parcelle=5241
"56",https://ge.ch/terextraitfoncier/rapport.aspx?commune=48&parcelle=5356
"57",https://ge.ch/terextraitfoncier/rapport.aspx?commune=8&parcelle=255
"58",https://ge.ch/terextraitfoncier/rapport.aspx?commune=8&parcelle=3123
"59",https://ge.ch/terextraitfoncier/rapport.aspx?commune=47&parcelle=7013
"60",https://ge.ch/terextraitfoncier/rapport.aspx?commune=23&parcelle=5676
"61",https://ge.ch/terextraitfoncier/rapport.aspx?commune=23&parcelle=5678
"62",https://ge.ch/terextraitfoncier/rapport.aspx?commune=5&parcelle=4251
"63",https://ge.ch/terextraitfoncier/rapport.aspx?commune=46&parcelle=2294
"64",https://ge.ch/terextraitfoncier/rapport.aspx?commune=46&parcelle=3352
"65",https://ge.ch/terextraitfoncier/rapport.aspx?commune=23&parcelle=3687
"66",https://ge.ch/terextraitfoncier/rapport.aspx?commune=47&parcelle=6906
"67",https://ge.ch/terextraitfoncier/rapport.aspx?commune=46&parcelle=208
"68",https://ge.ch/terextraitfoncier/rapport.aspx?commune=46&parcelle=2547
"69",https://ge.ch/terextraitfoncier/rapport.aspx?commune=12&parcelle=3328
"70",https://ge.ch/terextraitfoncier/rapport.aspx?commune=46&parcelle=4495
"71",https://ge.ch/terextraitfoncier/rapport.aspx?commune=12&parcelle=3329
"72",https://ge.ch/terextraitfoncier/rapport.aspx?commune=12&parcelle=3323
"73",https://ge.ch/terextraitfoncier/rapport.aspx?commune=46&parcelle=2850
"74",https://ge.ch/terextraitfoncier/rapport.aspx?commune=46&parcelle=3344
"75",https://ge.ch/terextraitfoncier/rapport.aspx?commune=46&parcelle=2842
"76",https://ge.ch/terextraitfoncier/rapport.aspx?commune=46&parcelle=2845
"77",https://ge.ch/terextraitfoncier/rapport.aspx?commune=46&parcelle=3571
"78",https://ge.ch/terextraitfoncier/rapport.aspx?commune=46&parcelle=2514
"79",https://ge.ch/terextraitfoncier/rapport.aspx?commune=46&parcelle=2840
"80",https://ge.ch/terextraitfoncier/rapport.aspx?commune=46&parcelle=1009
"81",https://ge.ch/terextraitfoncier/rapport.aspx?commune=46&parcelle=4562
"82",https://ge.ch/terextraitfoncier/rapport.aspx?commune=46&parcelle=2439
"83",https://ge.ch/terextraitfoncier/rapport.aspx?commune=46&parcelle=5184
"84",https://ge.ch/terextraitfoncier/rapport.aspx?commune=46&parcelle=543
"85",https://ge.ch/terextraitfoncier/rapport.aspx?commune=46&parcelle=4841
"86",https://ge.ch/terextraitfoncier/rapport.aspx?commune=46&parcelle=2839
"87",https://ge.ch/terextraitfoncier/rapport.aspx?commune=46&parcelle=3331
"88",https://ge.ch/terextraitfoncier/rapport.aspx?commune=23&parcelle=2882
"89",https://ge.ch/terextraitfoncier/rapport.aspx?commune=23&parcelle=5634
"90",https://ge.ch/terextraitfoncier/rapport.aspx?commune=47&parcelle=5816
"91",https://ge.ch/terextraitfoncier/rapport.aspx?commune=46&parcelle=3447
"92",https://ge.ch/terextraitfoncier/rapport.aspx?commune=46&parcelle=260
"93",https://ge.ch/terextraitfoncier/rapport.aspx?commune=23&parcelle=5591
"94",https://ge.ch/terextraitfoncier/rapport.aspx?commune=23&parcelle=5593
"95",https://ge.ch/terextraitfoncier/rapport.aspx?commune=23&parcelle=5589
"96",https://ge.ch/terextraitfoncier/rapport.aspx?commune=41&parcelle=10846
"97",https://ge.ch/terextraitfoncier/rapport.aspx?commune=41&parcelle=10803
"98",https://ge.ch/terextraitfoncier/rapport.aspx?commune=41&parcelle=10895
"99",https://ge.ch/terextraitfoncier/rapport.aspx?commune=23&parcelle=5590
"100",https://ge.ch/terextraitfoncier/rapport.aspx?commune=23&parcelle=1637
"101",https://ge.ch/terextraitfoncier/rapport.aspx?commune=23&parcelle=5592
"102",https://ge.ch/terextraitfoncier/rapport.aspx?commune=41&parcelle=10869
"103",https://ge.ch/terextraitfoncier/rapport.aspx?commune=43&parcelle=6473
"104",https://ge.ch/terextraitfoncier/rapport.aspx?commune=22&parcelle=3079
"105",https://ge.ch/terextraitfoncier/rapport.aspx?commune=43&parcelle=6472
"106",https://ge.ch/terextraitfoncier/rapport.aspx?commune=40&parcelle=2674
"107",https://ge.ch/terextraitfoncier/rapport.aspx?commune=43&parcelle=6471
"108",https://ge.ch/terextraitfoncier/rapport.aspx?commune=41&parcelle=10873
"109",https://ge.ch/terextraitfoncier/rapport.aspx?commune=40&parcelle=2118
"110",https://ge.ch/terextraitfoncier/rapport.aspx?commune=41&parcelle=10566
"111",https://ge.ch/terextraitfoncier/rapport.aspx?commune=41&parcelle=8016
"112",https://ge.ch/terextraitfoncier/rapport.aspx?commune=41&parcelle=7824
"113",https://ge.ch/terextraitfoncier/rapport.aspx?commune=43&parcelle=6470
"114",https://ge.ch/terextraitfoncier/rapport.aspx?commune=43&parcelle=6477
"115",https://ge.ch/terextraitfoncier/rapport.aspx?commune=43&parcelle=6474
"116",https://ge.ch/terextraitfoncier/rapport.aspx?commune=18&parcelle=11439
"117",https://ge.ch/terextraitfoncier/rapport.aspx?commune=41&parcelle=7540
"118",https://ge.ch/terextraitfoncier/rapport.aspx?commune=40&parcelle=2046
"119",https://ge.ch/terextraitfoncier/rapport.aspx?commune=41&parcelle=5904
"120",https://ge.ch/terextraitfoncier/rapport.aspx?commune=13&parcelle=4209
"121",https://ge.ch/terextraitfoncier/rapport.aspx?commune=41&parcelle=7008
"122",https://ge.ch/terextraitfoncier/rapport.aspx?commune=13&parcelle=3923
"123",https://ge.ch/terextraitfoncier/rapport.aspx?commune=41&parcelle=7160
"124",https://ge.ch/terextraitfoncier/rapport.aspx?commune=41&parcelle=10203
"125",https://ge.ch/terextraitfoncier/rapport.aspx?commune=41&parcelle=7372
"126",https://ge.ch/terextraitfoncier/rapport.aspx?commune=41&parcelle=7374
"127",https://ge.ch/terextraitfoncier/rapport.aspx?commune=41&parcelle=10021
"128",https://ge.ch/terextraitfoncier/rapport.aspx?commune=41&parcelle=5768
"129",https://ge.ch/terextraitfoncier/rapport.aspx?commune=12&parcelle=2133
"130",https://ge.ch/terextraitfoncier/rapport.aspx?commune=17&parcelle=1703
"131",https://ge.ch/terextraitfoncier/rapport.aspx?commune=17&parcelle=1776
"132",https://ge.ch/terextraitfoncier/rapport.aspx?commune=31&parcelle=4541
"133",https://ge.ch/terextraitfoncier/rapport.aspx?commune=31&parcelle=3865
"134",https://ge.ch/terextraitfoncier/rapport.aspx?commune=13&parcelle=4217
"135",https://ge.ch/terextraitfoncier/rapport.aspx?commune=41&parcelle=10442
"136",https://ge.ch/terextraitfoncier/rapport.aspx?commune=41&parcelle=7359
"137",https://ge.ch/terextraitfoncier/rapport.aspx?commune=41&parcelle=7380
"138",https://ge.ch/terextraitfoncier/rapport.aspx?commune=13&parcelle=4244
"139",https://ge.ch/terextraitfoncier/rapport.aspx?commune=41&parcelle=10209
"140",https://ge.ch/terextraitfoncier/rapport.aspx?commune=41&parcelle=7496
"141",https://ge.ch/terextraitfoncier/rapport.aspx?commune=41&parcelle=8084
"142",https://ge.ch/terextraitfoncier/rapport.aspx?commune=43&parcelle=5136
"143",https://ge.ch/terextraitfoncier/rapport.aspx?commune=13&parcelle=3908
"144",https://ge.ch/terextraitfoncier/rapport.aspx?commune=13&parcelle=3903
"145",https://ge.ch/terextraitfoncier/rapport.aspx?commune=17&parcelle=1565
"146",https://ge.ch/terextraitfoncier/rapport.aspx?commune=34&parcelle=2423
"147",https://ge.ch/terextraitfoncier/rapport.aspx?commune=8&parcelle=490
"148",https://ge.ch/terextraitfoncier/rapport.aspx?commune=8&parcelle=1684
"149",https://ge.ch/terextraitfoncier/rapport.aspx?commune=8&parcelle=1354
"150",https://ge.ch/terextraitfoncier/rapport.aspx?commune=8&parcelle=2346
"151",https://ge.ch/terextraitfoncier/rapport.aspx?commune=43&parcelle=5852
"152",https://ge.ch/terextraitfoncier/rapport.aspx?commune=43&parcelle=5849
"153",https://ge.ch/terextraitfoncier/rapport.aspx?commune=12&parcelle=1589
"154",https://ge.ch/terextraitfoncier/rapport.aspx?commune=12&parcelle=1654
"155",https://ge.ch/terextraitfoncier/rapport.aspx?commune=13&parcelle=3478
"156",https://ge.ch/terextraitfoncier/rapport.aspx?commune=12&parcelle=2219
"157",https://ge.ch/terextraitfoncier/rapport.aspx?commune=41&parcelle=7361
"158",https://ge.ch/terextraitfoncier/rapport.aspx?commune=43&parcelle=4652
"159",https://ge.ch/terextraitfoncier/rapport.aspx?commune=41&parcelle=5534
"160",https://ge.ch/terextraitfoncier/rapport.aspx?commune=41&parcelle=6831
"161",https://ge.ch/terextraitfoncier/rapport.aspx?commune=41&parcelle=7366
"162",https://ge.ch/terextraitfoncier/rapport.aspx?commune=41&parcelle=7368
"163",https://ge.ch/terextraitfoncier/rapport.aspx?commune=43&parcelle=4828
"164",https://ge.ch/terextraitfoncier/rapport.aspx?commune=41&parcelle=5464
"165",https://ge.ch/terextraitfoncier/rapport.aspx?commune=7&parcelle=7497
"166",https://ge.ch/terextraitfoncier/rapport.aspx?commune=23&parcelle=3936
"167",https://ge.ch/terextraitfoncier/rapport.aspx?commune=40&parcelle=2407
"168",https://ge.ch/terextraitfoncier/rapport.aspx?commune=41&parcelle=7363
"169",https://ge.ch/terextraitfoncier/rapport.aspx?commune=41&parcelle=7357
"170",https://ge.ch/terextraitfoncier/rapport.aspx?commune=41&parcelle=10213
"171",https://ge.ch/terextraitfoncier/rapport.aspx?commune=41&parcelle=7367
"172",https://ge.ch/terextraitfoncier/rapport.aspx?commune=39&parcelle=1459
"173",https://ge.ch/terextraitfoncier/rapport.aspx?commune=43&parcelle=4362
"174",https://ge.ch/terextraitfoncier/rapport.aspx?commune=43&parcelle=3831
"175",https://ge.ch/terextraitfoncier/rapport.aspx?commune=42&parcelle=10441
"176",https://ge.ch/terextraitfoncier/rapport.aspx?commune=43&parcelle=4074
"177",https://ge.ch/terextraitfoncier/rapport.aspx?commune=39&parcelle=1458
"178",https://ge.ch/terextraitfoncier/rapport.aspx?commune=39&parcelle=1895
"179",https://ge.ch/terextraitfoncier/rapport.aspx?commune=39&parcelle=1896
"180",https://ge.ch/terextraitfoncier/rapport.aspx?commune=39&parcelle=1897
"181",https://ge.ch/terextraitfoncier/rapport.aspx?commune=39&parcelle=1905
"182",https://ge.ch/terextraitfoncier/rapport.aspx?commune=26&parcelle=1562
"183",https://ge.ch/terextraitfoncier/rapport.aspx?commune=26&parcelle=627
"184",https://ge.ch/terextraitfoncier/rapport.aspx?commune=26&parcelle=626
"185",https://ge.ch/terextraitfoncier/rapport.aspx?commune=25&parcelle=2069
"186",https://ge.ch/terextraitfoncier/rapport.aspx?commune=6&parcelle=3437
"187",https://ge.ch/terextraitfoncier/rapport.aspx?commune=7&parcelle=7550
"188",https://ge.ch/terextraitfoncier/rapport.aspx?commune=23&parcelle=2417
"189",https://ge.ch/terextraitfoncier/rapport.aspx?commune=23&parcelle=2355
"190",https://ge.ch/terextraitfoncier/rapport.aspx?commune=41&parcelle=10211
"191",https://ge.ch/terextraitfoncier/rapport.aspx?commune=43&parcelle=3987
"192",https://ge.ch/terextraitfoncier/rapport.aspx?commune=40&parcelle=1893
"193",https://ge.ch/terextraitfoncier/rapport.aspx?commune=41&parcelle=7678
"194",https://ge.ch/terextraitfoncier/rapport.aspx?commune=43&parcelle=4411
"195",https://ge.ch/terextraitfoncier/rapport.aspx?commune=41&parcelle=7352
"196",https://ge.ch/terextraitfoncier/rapport.aspx?commune=43&parcelle=4032
"197",https://ge.ch/terextraitfoncier/rapport.aspx?commune=40&parcelle=2035
"198",https://ge.ch/terextraitfoncier/rapport.aspx?commune=41&parcelle=7935
"199",https://ge.ch/terextraitfoncier/rapport.aspx?commune=42&parcelle=10449
"200",https://ge.ch/terextraitfoncier/rapport.aspx?commune=41&parcelle=10559
"201",https://ge.ch/terextraitfoncier/rapport.aspx?commune=41&parcelle=10560
"202",https://ge.ch/terextraitfoncier/rapport.aspx?commune=41&parcelle=7360
"203",https://ge.ch/terextraitfoncier/rapport.aspx?commune=41&parcelle=10872
"204",https://ge.ch/terextraitfoncier/rapport.aspx?commune=41&parcelle=10959
"205",https://ge.ch/terextraitfoncier/rapport.aspx?commune=41&parcelle=10444
"206",https://ge.ch/terextraitfoncier/rapport.aspx?commune=41&parcelle=10789
"207",https://ge.ch/terextraitfoncier/rapport.aspx?commune=43&parcelle=4638
"208",https://ge.ch/terextraitfoncier/rapport.aspx?commune=12&parcelle=2162
"209",https://ge.ch/terextraitfoncier/rapport.aspx?commune=41&parcelle=8083
"210",https://ge.ch/terextraitfoncier/rapport.aspx?commune=41&parcelle=8094
"211",https://ge.ch/terextraitfoncier/rapport.aspx?commune=41&parcelle=10805
"212",https://ge.ch/terextraitfoncier/rapport.aspx?commune=41&parcelle=10111
"213",https://ge.ch/terextraitfoncier/rapport.aspx?commune=13&parcelle=3484
"214",https://ge.ch/terextraitfoncier/rapport.aspx?commune=13&parcelle=2238
"215",https://ge.ch/terextraitfoncier/rapport.aspx?commune=12&parcelle=1761
"216",https://ge.ch/terextraitfoncier/rapport.aspx?commune=43&parcelle=5338
"217",https://ge.ch/terextraitfoncier/rapport.aspx?commune=43&parcelle=5858
"218",https://ge.ch/terextraitfoncier/rapport.aspx?commune=43&parcelle=5397
"219",https://ge.ch/terextraitfoncier/rapport.aspx?commune=13&parcelle=4476
"220",https://ge.ch/terextraitfoncier/rapport.aspx?commune=41&parcelle=10868
"221",https://ge.ch/terextraitfoncier/rapport.aspx?commune=41&parcelle=8040
"222",https://ge.ch/terextraitfoncier/rapport.aspx?commune=41&parcelle=10834
"223",https://ge.ch/terextraitfoncier/rapport.aspx?commune=41&parcelle=7728
"224",https://ge.ch/terextraitfoncier/rapport.aspx?commune=41&parcelle=10874
"225",https://ge.ch/terextraitfoncier/rapport.aspx?commune=41&parcelle=10871
"226",https://ge.ch/terextraitfoncier/rapport.aspx?commune=41&parcelle=10870
"227",https://ge.ch/terextraitfoncier/rapport.aspx?commune=41&parcelle=10764
"228",https://ge.ch/terextraitfoncier/rapport.aspx?commune=41&parcelle=10510
"229",https://ge.ch/terextraitfoncier/rapport.aspx?commune=36&parcelle=16235
"230",https://ge.ch/terextraitfoncier/rapport.aspx?commune=31&parcelle=2469
"231",https://ge.ch/terextraitfoncier/rapport.aspx?commune=36&parcelle=6754
"232",https://ge.ch/terextraitfoncier/rapport.aspx?commune=23&parcelle=935
"233",https://ge.ch/terextraitfoncier/rapport.aspx?commune=40&parcelle=2635
"234",https://ge.ch/terextraitfoncier/rapport.aspx?commune=41&parcelle=6821
"235",https://ge.ch/terextraitfoncier/rapport.aspx?commune=41&parcelle=7448
"236",https://ge.ch/terextraitfoncier/rapport.aspx?commune=41&parcelle=10762
"237",https://ge.ch/terextraitfoncier/rapport.aspx?commune=47&parcelle=1938
"238",https://ge.ch/terextraitfoncier/rapport.aspx?commune=46&parcelle=3600
"239",https://ge.ch/terextraitfoncier/rapport.aspx?commune=47&parcelle=4327
"240",https://ge.ch/terextraitfoncier/rapport.aspx?commune=47&parcelle=6150
"241",https://ge.ch/terextraitfoncier/rapport.aspx?commune=47&parcelle=5255
"242",https://ge.ch/terextraitfoncier/rapport.aspx?commune=47&parcelle=5625
"243",https://ge.ch/terextraitfoncier/rapport.aspx?commune=47&parcelle=6118
"244",https://ge.ch/terextraitfoncier/rapport.aspx?commune=47&parcelle=6504
"245",https://ge.ch/terextraitfoncier/rapport.aspx?commune=47&parcelle=5734
"246",https://ge.ch/terextraitfoncier/rapport.aspx?commune=47&parcelle=5533
"247",https://ge.ch/terextraitfoncier/rapport.aspx?commune=47&parcelle=2345
"248",https://ge.ch/terextraitfoncier/rapport.aspx?commune=47&parcelle=6068
"249",https://ge.ch/terextraitfoncier/rapport.aspx?commune=46&parcelle=2738
"250",https://ge.ch/terextraitfoncier/rapport.aspx?commune=47&parcelle=5448
"251",https://ge.ch/terextraitfoncier/rapport.aspx?commune=47&parcelle=258
"252",https://ge.ch/terextraitfoncier/rapport.aspx?commune=47&parcelle=5792
"253",https://ge.ch/terextraitfoncier/rapport.aspx?commune=47&parcelle=5564
"254",https://ge.ch/terextraitfoncier/rapport.aspx?commune=47&parcelle=6926
"255",https://ge.ch/terextraitfoncier/rapport.aspx?commune=26&parcelle=148
"256",https://ge.ch/terextraitfoncier/rapport.aspx?commune=26&parcelle=1968
"257",https://ge.ch/terextraitfoncier/rapport.aspx?commune=31&parcelle=4051
"258",https://ge.ch/terextraitfoncier/rapport.aspx?commune=23&parcelle=4071
"259",https://ge.ch/terextraitfoncier/rapport.aspx?commune=31&parcelle=2711
"260",https://ge.ch/terextraitfoncier/rapport.aspx?commune=23&parcelle=5655
"261",https://ge.ch/terextraitfoncier/rapport.aspx?commune=31&parcelle=3057
"262",https://ge.ch/terextraitfoncier/rapport.aspx?commune=37&parcelle=2172
"263",https://ge.ch/terextraitfoncier/rapport.aspx?commune=37&parcelle=2173
"264",https://ge.ch/terextraitfoncier/rapport.aspx?commune=37&parcelle=2174
"265",https://ge.ch/terextraitfoncier/rapport.aspx?commune=31&parcelle=3205
"266",https://ge.ch/terextraitfoncier/rapport.aspx?commune=31&parcelle=1656
"267",https://ge.ch/terextraitfoncier/rapport.aspx?commune=31&parcelle=2097
"268",https://ge.ch/terextraitfoncier/rapport.aspx?commune=24&parcelle=2981
"269",https://ge.ch/terextraitfoncier/rapport.aspx?commune=48&parcelle=5362
"270",https://ge.ch/terextraitfoncier/rapport.aspx?commune=31&parcelle=2621
"271",https://ge.ch/terextraitfoncier/rapport.aspx?commune=31&parcelle=2712
"272",https://ge.ch/terextraitfoncier/rapport.aspx?commune=31&parcelle=419
"273",https://ge.ch/terextraitfoncier/rapport.aspx?commune=31&parcelle=2497
"274",https://ge.ch/terextraitfoncier/rapport.aspx?commune=31&parcelle=4403
"275",https://ge.ch/terextraitfoncier/rapport.aspx?commune=31&parcelle=2492
"276",https://ge.ch/terextraitfoncier/rapport.aspx?commune=31&parcelle=3016
"277",https://ge.ch/terextraitfoncier/rapport.aspx?commune=26&parcelle=1063
"278",https://ge.ch/terextraitfoncier/rapport.aspx?commune=24&parcelle=2996
"279",https://ge.ch/terextraitfoncier/rapport.aspx?commune=24&parcelle=2999
"280",https://ge.ch/terextraitfoncier/rapport.aspx?commune=47&parcelle=4820
"281",https://ge.ch/terextraitfoncier/rapport.aspx?commune=47&parcelle=5546
"282",https://ge.ch/terextraitfoncier/rapport.aspx?commune=42&parcelle=10439
"283",https://ge.ch/terextraitfoncier/rapport.aspx?commune=43&parcelle=4902
"284",https://ge.ch/terextraitfoncier/rapport.aspx?commune=42&parcelle=10311
"285",https://ge.ch/terextraitfoncier/rapport.aspx?commune=43&parcelle=4267
"286",https://ge.ch/terextraitfoncier/rapport.aspx?commune=43&parcelle=5203
"287",https://ge.ch/terextraitfoncier/rapport.aspx?commune=46&parcelle=447
"288",https://ge.ch/terextraitfoncier/rapport.aspx?commune=46&parcelle=3347
"289",https://ge.ch/terextraitfoncier/rapport.aspx?commune=46&parcelle=3780
"290",https://ge.ch/terextraitfoncier/rapport.aspx?commune=47&parcelle=7076
"291",https://ge.ch/terextraitfoncier/rapport.aspx?commune=46&parcelle=5354
"292",https://ge.ch/terextraitfoncier/rapport.aspx?commune=46&parcelle=3911
"293",https://ge.ch/terextraitfoncier/rapport.aspx?commune=46&parcelle=5427
"294",https://ge.ch/terextraitfoncier/rapport.aspx?commune=46&parcelle=5029
"295",https://ge.ch/terextraitfoncier/rapport.aspx?commune=46&parcelle=5031
"296",https://ge.ch/terextraitfoncier/rapport.aspx?commune=47&parcelle=7191
"297",https://ge.ch/terextraitfoncier/rapport.aspx?commune=48&parcelle=5355
"298",https://ge.ch/terextraitfoncier/rapport.aspx?commune=47&parcelle=6796
"299",https://ge.ch/terextraitfoncier/rapport.aspx?commune=47&parcelle=7104
"300",https://ge.ch/terextraitfoncier/rapport.aspx?commune=47&parcelle=5350
"301",https://ge.ch/terextraitfoncier/rapport.aspx?commune=46&parcelle=2718
"302",https://ge.ch/terextraitfoncier/rapport.aspx?commune=46&parcelle=535
"303",https://ge.ch/terextraitfoncier/rapport.aspx?commune=46&parcelle=5275
"304",https://ge.ch/terextraitfoncier/rapport.aspx?commune=46&parcelle=2716
"305",https://ge.ch/terextraitfoncier/rapport.aspx?commune=46&parcelle=4584
"306",https://ge.ch/terextraitfoncier/rapport.aspx?commune=8&parcelle=1482
"307",https://ge.ch/terextraitfoncier/rapport.aspx?commune=8&parcelle=2572
"308",https://ge.ch/terextraitfoncier/rapport.aspx?commune=13&parcelle=2354
"309",https://ge.ch/terextraitfoncier/rapport.aspx?commune=32&parcelle=1709
"310",https://ge.ch/terextraitfoncier/rapport.aspx?commune=33&parcelle=13548
"311",https://ge.ch/terextraitfoncier/rapport.aspx?commune=32&parcelle=1713
"312",https://ge.ch/terextraitfoncier/rapport.aspx?commune=34&parcelle=1058
"313",https://ge.ch/terextraitfoncier/rapport.aspx?commune=34&parcelle=790
"314",https://ge.ch/terextraitfoncier/rapport.aspx?commune=32&parcelle=1847
"315",https://ge.ch/terextraitfoncier/rapport.aspx?commune=34&parcelle=896
"316",https://ge.ch/terextraitfoncier/rapport.aspx?commune=31&parcelle=3867
"317",https://ge.ch/terextraitfoncier/rapport.aspx?commune=12&parcelle=488
"318",https://ge.ch/terextraitfoncier/rapport.aspx?commune=13&parcelle=3922
"319",https://ge.ch/terextraitfoncier/rapport.aspx?commune=46&parcelle=3288
"320",https://ge.ch/terextraitfoncier/rapport.aspx?commune=43&parcelle=6744
"321",https://ge.ch/terextraitfoncier/rapport.aspx?commune=43&parcelle=5356
"322",https://ge.ch/terextraitfoncier/rapport.aspx?commune=46&parcelle=3895
"323",https://ge.ch/terextraitfoncier/rapport.aspx?commune=7&parcelle=533
"324",https://ge.ch/terextraitfoncier/rapport.aspx?commune=43&parcelle=6745
"325",https://ge.ch/terextraitfoncier/rapport.aspx?commune=43&parcelle=5727
"326",https://ge.ch/terextraitfoncier/rapport.aspx?commune=12&parcelle=3255
"327",https://ge.ch/terextraitfoncier/rapport.aspx?commune=41&parcelle=7415
"328",https://ge.ch/terextraitfoncier/rapport.aspx?commune=41&parcelle=10204
"329",https://ge.ch/terextraitfoncier/rapport.aspx?commune=41&parcelle=10957
"330",https://ge.ch/terextraitfoncier/rapport.aspx?commune=41&parcelle=10958
"331",https://ge.ch/terextraitfoncier/rapport.aspx?commune=41&parcelle=10849
"332",https://ge.ch/terextraitfoncier/rapport.aspx?commune=41&parcelle=10802
"333",https://ge.ch/terextraitfoncier/rapport.aspx?commune=4&parcelle=3135
"334",https://ge.ch/terextraitfoncier/rapport.aspx?commune=4&parcelle=3374
"335",https://ge.ch/terextraitfoncier/rapport.aspx?commune=3&parcelle=2807
"336",https://ge.ch/terextraitfoncier/rapport.aspx?commune=2&parcelle=5190
"337",https://ge.ch/terextraitfoncier/rapport.aspx?commune=3&parcelle=2400
"338",https://ge.ch/terextraitfoncier/rapport.aspx?commune=2&parcelle=5081
"339",https://ge.ch/terextraitfoncier/rapport.aspx?commune=3&parcelle=2525
"340",https://ge.ch/terextraitfoncier/rapport.aspx?commune=3&parcelle=2277
"341",https://ge.ch/terextraitfoncier/rapport.aspx?commune=3&parcelle=2541
"342",https://ge.ch/terextraitfoncier/rapport.aspx?commune=18&parcelle=11825
"343",https://ge.ch/terextraitfoncier/rapport.aspx?commune=41&parcelle=7445
"344",https://ge.ch/terextraitfoncier/rapport.aspx?commune=40&parcelle=2678
"345",https://ge.ch/terextraitfoncier/rapport.aspx?commune=41&parcelle=10438
"346",https://ge.ch/terextraitfoncier/rapport.aspx?commune=40&parcelle=2403
"347",https://ge.ch/terextraitfoncier/rapport.aspx?commune=41&parcelle=10445
"348",https://ge.ch/terextraitfoncier/rapport.aspx?commune=41&parcelle=7342
"349",https://ge.ch/terextraitfoncier/rapport.aspx?commune=41&parcelle=1672
"350",https://ge.ch/terextraitfoncier/rapport.aspx?commune=22&parcelle=3259
"351",https://ge.ch/terextraitfoncier/rapport.aspx?commune=41&parcelle=7934
"352",https://ge.ch/terextraitfoncier/rapport.aspx?commune=41&parcelle=6848
"353",https://ge.ch/terextraitfoncier/rapport.aspx?commune=40&parcelle=2676
"354",https://ge.ch/terextraitfoncier/rapport.aspx?commune=41&parcelle=10022
"355",https://ge.ch/terextraitfoncier/rapport.aspx?commune=12&parcelle=2163
"356",https://ge.ch/terextraitfoncier/rapport.aspx?commune=22&parcelle=2874
"357",https://ge.ch/terextraitfoncier/rapport.aspx?commune=22&parcelle=2877
"358",https://ge.ch/terextraitfoncier/rapport.aspx?commune=12&parcelle=1628
"359",https://ge.ch/terextraitfoncier/rapport.aspx?commune=12&parcelle=1627
"360",https://ge.ch/terextraitfoncier/rapport.aspx?commune=41&parcelle=7152
"361",https://ge.ch/terextraitfoncier/rapport.aspx?commune=41&parcelle=7219
"362",https://ge.ch/terextraitfoncier/rapport.aspx?commune=41&parcelle=7151
"363",https://ge.ch/terextraitfoncier/rapport.aspx?commune=41&parcelle=7153
"364",https://ge.ch/terextraitfoncier/rapport.aspx?commune=41&parcelle=7447
"365",https://ge.ch/terextraitfoncier/rapport.aspx?commune=22&parcelle=1834
"366",https://ge.ch/terextraitfoncier/rapport.aspx?commune=40&parcelle=2489
"367",https://ge.ch/terextraitfoncier/rapport.aspx?commune=41&parcelle=7284
"368",https://ge.ch/terextraitfoncier/rapport.aspx?commune=41&parcelle=6163
"369",https://ge.ch/terextraitfoncier/rapport.aspx?commune=41&parcelle=7382
"370",https://ge.ch/terextraitfoncier/rapport.aspx?commune=41&parcelle=7155
"371",https://ge.ch/terextraitfoncier/rapport.aspx?commune=40&parcelle=2386
"372",https://ge.ch/terextraitfoncier/rapport.aspx?commune=22&parcelle=1116
"373",https://ge.ch/terextraitfoncier/rapport.aspx?commune=41&parcelle=7931
"374",https://ge.ch/terextraitfoncier/rapport.aspx?commune=41&parcelle=7362
"375",https://ge.ch/terextraitfoncier/rapport.aspx?commune=43&parcelle=3096
"376",https://ge.ch/terextraitfoncier/rapport.aspx?commune=13&parcelle=3896
"377",https://ge.ch/terextraitfoncier/rapport.aspx?commune=13&parcelle=3897
"378",https://ge.ch/terextraitfoncier/rapport.aspx?commune=26&parcelle=1249
"379",https://ge.ch/terextraitfoncier/rapport.aspx?commune=26&parcelle=1670
"380",https://ge.ch/terextraitfoncier/rapport.aspx?commune=26&parcelle=2019
"381",https://ge.ch/terextraitfoncier/rapport.aspx?commune=26&parcelle=1467
"382",https://ge.ch/terextraitfoncier/rapport.aspx?commune=41&parcelle=10113
"383",https://ge.ch/terextraitfoncier/rapport.aspx?commune=40&parcelle=2679
"384",https://ge.ch/terextraitfoncier/rapport.aspx?commune=41&parcelle=7420
"385",https://ge.ch/terextraitfoncier/rapport.aspx?commune=41&parcelle=7726
"386",https://ge.ch/terextraitfoncier/rapport.aspx?commune=41&parcelle=7813
"387",https://ge.ch/terextraitfoncier/rapport.aspx?commune=41&parcelle=7353
"388",https://ge.ch/terextraitfoncier/rapport.aspx?commune=41&parcelle=10558
"389",https://ge.ch/terextraitfoncier/rapport.aspx?commune=41&parcelle=7161
"390",https://ge.ch/terextraitfoncier/rapport.aspx?commune=41&parcelle=7804
"391",https://ge.ch/terextraitfoncier/rapport.aspx?commune=41&parcelle=10214
"392",https://ge.ch/terextraitfoncier/rapport.aspx?commune=41&parcelle=7159
"393",https://ge.ch/terextraitfoncier/rapport.aspx?commune=7&parcelle=7887
"394",https://ge.ch/terextraitfoncier/rapport.aspx?commune=39&parcelle=1268
"395",https://ge.ch/terextraitfoncier/rapport.aspx?commune=8&parcelle=2874
"396",https://ge.ch/terextraitfoncier/rapport.aspx?commune=41&parcelle=10446
"397",https://ge.ch/terextraitfoncier/rapport.aspx?commune=8&parcelle=163
"398",https://ge.ch/terextraitfoncier/rapport.aspx?commune=41&parcelle=7791
"399",https://ge.ch/terextraitfoncier/rapport.aspx?commune=8&parcelle=2454
"400",https://ge.ch/terextraitfoncier/rapport.aspx?commune=8&parcelle=1485
"401",https://ge.ch/terextraitfoncier/rapport.aspx?commune=8&parcelle=358
"402",https://ge.ch/terextraitfoncier/rapport.aspx?commune=8&parcelle=1355
"403",https://ge.ch/terextraitfoncier/rapport.aspx?commune=8&parcelle=2803
"404",https://ge.ch/terextraitfoncier/rapport.aspx?commune=8&parcelle=3180
"405",https://ge.ch/terextraitfoncier/rapport.aspx?commune=31&parcelle=2532
"406",https://ge.ch/terextraitfoncier/rapport.aspx?commune=8&parcelle=362
"407",https://ge.ch/terextraitfoncier/rapport.aspx?commune=10&parcelle=494
"408",https://ge.ch/terextraitfoncier/rapport.aspx?commune=10&parcelle=492
"409",https://ge.ch/terextraitfoncier/rapport.aspx?commune=25&parcelle=1506
"410",https://ge.ch/terextraitfoncier/rapport.aspx?commune=10&parcelle=84
"411",https://ge.ch/terextraitfoncier/rapport.aspx?commune=18&parcelle=11438
"412",https://ge.ch/terextraitfoncier/rapport.aspx?commune=23&parcelle=4007
"413",https://ge.ch/terextraitfoncier/rapport.aspx?commune=41&parcelle=7541
"414",https://ge.ch/terextraitfoncier/rapport.aspx?commune=41&parcelle=7414
"415",https://ge.ch/terextraitfoncier/rapport.aspx?commune=40&parcelle=2455
"416",https://ge.ch/terextraitfoncier/rapport.aspx?commune=41&parcelle=7344
"417",https://ge.ch/terextraitfoncier/rapport.aspx?commune=42&parcelle=10196
"418",https://ge.ch/terextraitfoncier/rapport.aspx?commune=43&parcelle=4073
"419",https://ge.ch/terextraitfoncier/rapport.aspx?commune=43&parcelle=4825
"420",https://ge.ch/terextraitfoncier/rapport.aspx?commune=42&parcelle=10639
"421",https://ge.ch/terextraitfoncier/rapport.aspx?commune=43&parcelle=4655
"422",https://ge.ch/terextraitfoncier/rapport.aspx?commune=43&parcelle=4662
"423",https://ge.ch/terextraitfoncier/rapport.aspx?commune=43&parcelle=5202
"424",https://ge.ch/terextraitfoncier/rapport.aspx?commune=25&parcelle=1479
"425",https://ge.ch/terextraitfoncier/rapport.aspx?commune=26&parcelle=2472
"426",https://ge.ch/terextraitfoncier/rapport.aspx?commune=25&parcelle=2237
"427",https://ge.ch/terextraitfoncier/rapport.aspx?commune=23&parcelle=4387
"428",https://ge.ch/terextraitfoncier/rapport.aspx?commune=43&parcelle=6716
"429",https://ge.ch/terextraitfoncier/rapport.aspx?commune=47&parcelle=6271
"430",https://ge.ch/terextraitfoncier/rapport.aspx?commune=31&parcelle=2414
"431",https://ge.ch/terextraitfoncier/rapport.aspx?commune=31&parcelle=2412
"432",https://ge.ch/terextraitfoncier/rapport.aspx?commune=22&parcelle=2162
"433",https://ge.ch/terextraitfoncier/rapport.aspx?commune=23&parcelle=4880
"434",https://ge.ch/terextraitfoncier/rapport.aspx?commune=23&parcelle=4360
"435",https://ge.ch/terextraitfoncier/rapport.aspx?commune=43&parcelle=6693
"436",https://ge.ch/terextraitfoncier/rapport.aspx?commune=8&parcelle=2686
"437",https://ge.ch/terextraitfoncier/rapport.aspx?commune=8&parcelle=2323
"438",https://ge.ch/terextraitfoncier/rapport.aspx?commune=25&parcelle=1491
"439",https://ge.ch/terextraitfoncier/rapport.aspx?commune=8&parcelle=2189
"440",https://ge.ch/terextraitfoncier/rapport.aspx?commune=6&parcelle=2648
"441",https://ge.ch/terextraitfoncier/rapport.aspx?commune=7&parcelle=7889
"442",https://ge.ch/terextraitfoncier/rapport.aspx?commune=8&parcelle=61
"443",https://ge.ch/terextraitfoncier/rapport.aspx?commune=8&parcelle=2430
"444",https://ge.ch/terextraitfoncier/rapport.aspx?commune=24&parcelle=1473
"445",https://ge.ch/terextraitfoncier/rapport.aspx?commune=8&parcelle=826
"446",https://ge.ch/terextraitfoncier/rapport.aspx?commune=12&parcelle=3494
"447",https://ge.ch/terextraitfoncier/rapport.aspx?commune=36&parcelle=16303
"448",https://ge.ch/terextraitfoncier/rapport.aspx?commune=43&parcelle=4835
"449",https://ge.ch/terextraitfoncier/rapport.aspx?commune=43&parcelle=5382
"450",https://ge.ch/terextraitfoncier/rapport.aspx?commune=8&parcelle=2737
"451",https://ge.ch/terextraitfoncier/rapport.aspx?commune=41&parcelle=11009
"452",https://ge.ch/terextraitfoncier/rapport.aspx?commune=8&parcelle=2548
"453",https://ge.ch/terextraitfoncier/rapport.aspx?commune=40&parcelle=2601
"454",https://ge.ch/terextraitfoncier/rapport.aspx?commune=41&parcelle=8017
"455",https://ge.ch/terextraitfoncier/rapport.aspx?commune=41&parcelle=1673
"456",https://ge.ch/terextraitfoncier/rapport.aspx?commune=41&parcelle=7680
"457",https://ge.ch/terextraitfoncier/rapport.aspx?commune=41&parcelle=7376
"458",https://ge.ch/terextraitfoncier/rapport.aspx?commune=41&parcelle=10374
"459",https://ge.ch/terextraitfoncier/rapport.aspx?commune=41&parcelle=10207
"460",https://ge.ch/terextraitfoncier/rapport.aspx?commune=46&parcelle=3769
"461",https://ge.ch/terextraitfoncier/rapport.aspx?commune=46&parcelle=2865
"462",https://ge.ch/terextraitfoncier/rapport.aspx?commune=46&parcelle=2811
"463",https://ge.ch/terextraitfoncier/rapport.aspx?commune=23&parcelle=1808
"464",https://ge.ch/terextraitfoncier/rapport.aspx?commune=23&parcelle=3653
"465",https://ge.ch/terextraitfoncier/rapport.aspx?commune=23&parcelle=812
"466",https://ge.ch/terextraitfoncier/rapport.aspx?commune=46&parcelle=1051
"467",https://ge.ch/terextraitfoncier/rapport.aspx?commune=46&parcelle=2757
"468",https://ge.ch/terextraitfoncier/rapport.aspx?commune=46&parcelle=2756
"469",https://ge.ch/terextraitfoncier/rapport.aspx?commune=46&parcelle=3390
"470",https://ge.ch/terextraitfoncier/rapport.aspx?commune=46&parcelle=1368
"471",https://ge.ch/terextraitfoncier/rapport.aspx?commune=46&parcelle=2735
"472",https://ge.ch/terextraitfoncier/rapport.aspx?commune=46&parcelle=2651
"473",https://ge.ch/terextraitfoncier/rapport.aspx?commune=46&parcelle=3698
"474",https://ge.ch/terextraitfoncier/rapport.aspx?commune=46&parcelle=1363
"475",https://ge.ch/terextraitfoncier/rapport.aspx?commune=46&parcelle=4166
"476",https://ge.ch/terextraitfoncier/rapport.aspx?commune=46&parcelle=4114
"477",https://ge.ch/terextraitfoncier/rapport.aspx?commune=46&parcelle=3893
"478",https://ge.ch/terextraitfoncier/rapport.aspx?commune=46&parcelle=3697
"479",https://ge.ch/terextraitfoncier/rapport.aspx?commune=46&parcelle=2298
"480",https://ge.ch/terextraitfoncier/rapport.aspx?commune=47&parcelle=5572
"481",https://ge.ch/terextraitfoncier/rapport.aspx?commune=47&parcelle=6993
"482",https://ge.ch/terextraitfoncier/rapport.aspx?commune=46&parcelle=2720
"483",https://ge.ch/terextraitfoncier/rapport.aspx?commune=35&parcelle=811
"484",https://ge.ch/terextraitfoncier/rapport.aspx?commune=35&parcelle=1016
"485",https://ge.ch/terextraitfoncier/rapport.aspx?commune=8&parcelle=2060
"486",https://ge.ch/terextraitfoncier/rapport.aspx?commune=35&parcelle=886
"487",https://ge.ch/terextraitfoncier/rapport.aspx?commune=35&parcelle=736
"488",https://ge.ch/terextraitfoncier/rapport.aspx?commune=35&parcelle=456
"489",https://ge.ch/terextraitfoncier/rapport.aspx?commune=35&parcelle=654
"490",https://ge.ch/terextraitfoncier/rapport.aspx?commune=38&parcelle=1949
"491",https://ge.ch/terextraitfoncier/rapport.aspx?commune=32&parcelle=1705
"492",https://ge.ch/terextraitfoncier/rapport.aspx?commune=31&parcelle=3254
"493",https://ge.ch/terextraitfoncier/rapport.aspx?commune=31&parcelle=2909
"494",https://ge.ch/terextraitfoncier/rapport.aspx?commune=31&parcelle=2836
"495",https://ge.ch/terextraitfoncier/rapport.aspx?commune=31&parcelle=3861
"496",https://ge.ch/terextraitfoncier/rapport.aspx?commune=31&parcelle=4305
"497",https://ge.ch/terextraitfoncier/rapport.aspx?commune=31&parcelle=4542
"498",https://ge.ch/terextraitfoncier/rapport.aspx?commune=31&parcelle=4543
"499",https://ge.ch/terextraitfoncier/rapport.aspx?commune=31&parcelle=3456
"500",https://ge.ch/terextraitfoncier/rapport.aspx?commune=31&parcelle=3866
"501",https://ge.ch/terextraitfoncier/rapport.aspx?commune=31&parcelle=2082
"502",https://ge.ch/terextraitfoncier/rapport.aspx?commune=31&parcelle=3871
"503",https://ge.ch/terextraitfoncier/rapport.aspx?commune=31&parcelle=2346
"504",https://ge.ch/terextraitfoncier/rapport.aspx?commune=31&parcelle=3862
"505",https://ge.ch/terextraitfoncier/rapport.aspx?commune=31&parcelle=2598
"506",https://ge.ch/terextraitfoncier/rapport.aspx?commune=46&parcelle=2719
"507",https://ge.ch/terextraitfoncier/rapport.aspx?commune=46&parcelle=2761
"508",https://ge.ch/terextraitfoncier/rapport.aspx?commune=46&parcelle=3025
"509",https://ge.ch/terextraitfoncier/rapport.aspx?commune=12&parcelle=261
"510",https://ge.ch/terextraitfoncier/rapport.aspx?commune=46&parcelle=1056
"511",https://ge.ch/terextraitfoncier/rapport.aspx?commune=12&parcelle=262
"512",https://ge.ch/terextraitfoncier/rapport.aspx?commune=46&parcelle=1054
"513",https://ge.ch/terextraitfoncier/rapport.aspx?commune=46&parcelle=2680
"514",https://ge.ch/terextraitfoncier/rapport.aspx?commune=46&parcelle=3461
"515",https://ge.ch/terextraitfoncier/rapport.aspx?commune=41&parcelle=10845
"516",https://ge.ch/terextraitfoncier/rapport.aspx?commune=41&parcelle=7373
"517",https://ge.ch/terextraitfoncier/rapport.aspx?commune=41&parcelle=7369
"518",https://ge.ch/terextraitfoncier/rapport.aspx?commune=41&parcelle=6854
"519",https://ge.ch/terextraitfoncier/rapport.aspx?commune=41&parcelle=7446
"520",https://ge.ch/terextraitfoncier/rapport.aspx?commune=23&parcelle=5315
"521",https://ge.ch/terextraitfoncier/rapport.aspx?commune=36&parcelle=15406
"522",https://ge.ch/terextraitfoncier/rapport.aspx?commune=8&parcelle=3244
"523",https://ge.ch/terextraitfoncier/rapport.aspx?commune=8&parcelle=2563
"524",https://ge.ch/terextraitfoncier/rapport.aspx?commune=8&parcelle=1520
"525",https://ge.ch/terextraitfoncier/rapport.aspx?commune=41&parcelle=10792
"526",https://ge.ch/terextraitfoncier/rapport.aspx?commune=8&parcelle=3384
"527",https://ge.ch/terextraitfoncier/rapport.aspx?commune=41&parcelle=10867
"528",https://ge.ch/terextraitfoncier/rapport.aspx?commune=47&parcelle=3889
"529",https://ge.ch/terextraitfoncier/rapport.aspx?commune=8&parcelle=3383
"530",https://ge.ch/terextraitfoncier/rapport.aspx?commune=48&parcelle=5357
"531",https://ge.ch/terextraitfoncier/rapport.aspx?commune=46&parcelle=1968
"532",https://ge.ch/terextraitfoncier/rapport.aspx?commune=12&parcelle=1702
"533",https://ge.ch/terextraitfoncier/rapport.aspx?commune=47&parcelle=6848
"534",https://ge.ch/terextraitfoncier/rapport.aspx?commune=12&parcelle=1708
"535",https://ge.ch/terextraitfoncier/rapport.aspx?commune=47&parcelle=5535
"536",https://ge.ch/terextraitfoncier/rapport.aspx?commune=8&parcelle=3397
"537",https://ge.ch/terextraitfoncier/rapport.aspx?commune=8&parcelle=3396
"538",https://ge.ch/terextraitfoncier/rapport.aspx?commune=47&parcelle=5571
"539",https://ge.ch/terextraitfoncier/rapport.aspx?commune=46&parcelle=3213
"540",https://ge.ch/terextraitfoncier/rapport.aspx?commune=47&parcelle=6013
"541",https://ge.ch/terextraitfoncier/rapport.aspx?commune=47&parcelle=6054
"542",https://ge.ch/terextraitfoncier/rapport.aspx?commune=47&parcelle=6683
"543",https://ge.ch/terextraitfoncier/rapport.aspx?commune=47&parcelle=4238
"544",https://ge.ch/terextraitfoncier/rapport.aspx?commune=47&parcelle=6037
"545",https://ge.ch/terextraitfoncier/rapport.aspx?commune=47&parcelle=2878
"546",https://ge.ch/terextraitfoncier/rapport.aspx?commune=47&parcelle=6565
"547",https://ge.ch/terextraitfoncier/rapport.aspx?commune=47&parcelle=5259
"548",https://ge.ch/terextraitfoncier/rapport.aspx?commune=47&parcelle=6055
"549",https://ge.ch/terextraitfoncier/rapport.aspx?commune=46&parcelle=3308
"550",https://ge.ch/terextraitfoncier/rapport.aspx?commune=47&parcelle=5791
"551",https://ge.ch/terextraitfoncier/rapport.aspx?commune=47&parcelle=6175
"552",https://ge.ch/terextraitfoncier/rapport.aspx?commune=47&parcelle=4822
"553",https://ge.ch/terextraitfoncier/rapport.aspx?commune=47&parcelle=249
"554",https://ge.ch/terextraitfoncier/rapport.aspx?commune=47&parcelle=6172
"555",https://ge.ch/terextraitfoncier/rapport.aspx?commune=46&parcelle=3038
"556",https://ge.ch/terextraitfoncier/rapport.aspx?commune=47&parcelle=6851
"557",https://ge.ch/terextraitfoncier/rapport.aspx?commune=47&parcelle=5624
"558",https://ge.ch/terextraitfoncier/rapport.aspx?commune=47&parcelle=228
"559",https://ge.ch/terextraitfoncier/rapport.aspx?commune=47&parcelle=6014
"560",https://ge.ch/terextraitfoncier/rapport.aspx?commune=47&parcelle=5799
"561",https://ge.ch/terextraitfoncier/rapport.aspx?commune=47&parcelle=6061
"562",https://ge.ch/terextraitfoncier/rapport.aspx?commune=47&parcelle=6453
"563",https://ge.ch/terextraitfoncier/rapport.aspx?commune=47&parcelle=6562
"564",https://ge.ch/terextraitfoncier/rapport.aspx?commune=47&parcelle=5339
"565",https://ge.ch/terextraitfoncier/rapport.aspx?commune=47&parcelle=6303
"566",https://ge.ch/terextraitfoncier/rapport.aspx?commune=47&parcelle=7074
"567",https://ge.ch/terextraitfoncier/rapport.aspx?commune=47&parcelle=237
"568",https://ge.ch/terextraitfoncier/rapport.aspx?commune=47&parcelle=5257
"569",https://ge.ch/terextraitfoncier/rapport.aspx?commune=47&parcelle=5445
"570",https://ge.ch/terextraitfoncier/rapport.aspx?commune=47&parcelle=6176
"571",https://ge.ch/terextraitfoncier/rapport.aspx?commune=47&parcelle=5139
"572",https://ge.ch/terextraitfoncier/rapport.aspx?commune=47&parcelle=4617
"573",https://ge.ch/terextraitfoncier/rapport.aspx?commune=46&parcelle=2616
"574",https://ge.ch/terextraitfoncier/rapport.aspx?commune=47&parcelle=5733
"575",https://ge.ch/terextraitfoncier/rapport.aspx?commune=47&parcelle=6586
"576",https://ge.ch/terextraitfoncier/rapport.aspx?commune=47&parcelle=5433
"577",https://ge.ch/terextraitfoncier/rapport.aspx?commune=13&parcelle=4097
"578",https://ge.ch/terextraitfoncier/rapport.aspx?commune=47&parcelle=5265
"579",https://ge.ch/terextraitfoncier/rapport.aspx?commune=47&parcelle=5260
"580",https://ge.ch/terextraitfoncier/rapport.aspx?commune=47&parcelle=6123
"581",https://ge.ch/terextraitfoncier/rapport.aspx?commune=47&parcelle=6502
"582",https://ge.ch/terextraitfoncier/rapport.aspx?commune=47&parcelle=6869
"583",https://ge.ch/terextraitfoncier/rapport.aspx?commune=47&parcelle=6272
"584",https://ge.ch/terextraitfoncier/rapport.aspx?commune=47&parcelle=6551
"585",https://ge.ch/terextraitfoncier/rapport.aspx?commune=47&parcelle=6880
"586",https://ge.ch/terextraitfoncier/rapport.aspx?commune=47&parcelle=6785
"587",https://ge.ch/terextraitfoncier/rapport.aspx?commune=47&parcelle=6561
"588",https://ge.ch/terextraitfoncier/rapport.aspx?commune=47&parcelle=6177
"589",https://ge.ch/terextraitfoncier/rapport.aspx?commune=26&parcelle=2351
"590",https://ge.ch/terextraitfoncier/rapport.aspx?commune=47&parcelle=6585
"591",https://ge.ch/terextraitfoncier/rapport.aspx?commune=26&parcelle=2350
"592",https://ge.ch/terextraitfoncier/rapport.aspx?commune=26&parcelle=2354
"593",https://ge.ch/terextraitfoncier/rapport.aspx?commune=26&parcelle=2353
"594",https://ge.ch/terextraitfoncier/rapport.aspx?commune=46&parcelle=2838
"595",https://ge.ch/terextraitfoncier/rapport.aspx?commune=46&parcelle=4573
"596",https://ge.ch/terextraitfoncier/rapport.aspx?commune=47&parcelle=6458
"597",https://ge.ch/terextraitfoncier/rapport.aspx?commune=47&parcelle=265
"598",https://ge.ch/terextraitfoncier/rapport.aspx?commune=46&parcelle=309
"599",https://ge.ch/terextraitfoncier/rapport.aspx?commune=47&parcelle=6062
"600",https://ge.ch/terextraitfoncier/rapport.aspx?commune=47&parcelle=6948
"601",https://ge.ch/terextraitfoncier/rapport.aspx?commune=46&parcelle=3579
"602",https://ge.ch/terextraitfoncier/rapport.aspx?commune=23&parcelle=5656
"603",https://ge.ch/terextraitfoncier/rapport.aspx?commune=31&parcelle=3950
"604",https://ge.ch/terextraitfoncier/rapport.aspx?commune=24&parcelle=1927
"605",https://ge.ch/terextraitfoncier/rapport.aspx?commune=24&parcelle=1920
"606",https://ge.ch/terextraitfoncier/rapport.aspx?commune=24&parcelle=1926
"607",https://ge.ch/terextraitfoncier/rapport.aspx?commune=31&parcelle=2700
"608",https://ge.ch/terextraitfoncier/rapport.aspx?commune=43&parcelle=5831
"609",https://ge.ch/terextraitfoncier/rapport.aspx?commune=8&parcelle=3029
"610",https://ge.ch/terextraitfoncier/rapport.aspx?commune=43&parcelle=5309
"611",https://ge.ch/terextraitfoncier/rapport.aspx?commune=22&parcelle=2901
"612",https://ge.ch/terextraitfoncier/rapport.aspx?commune=22&parcelle=3017
"613",https://ge.ch/terextraitfoncier/rapport.aspx?commune=12&parcelle=491
"614",https://ge.ch/terextraitfoncier/rapport.aspx?commune=12&parcelle=503
"615",https://ge.ch/terextraitfoncier/rapport.aspx?commune=22&parcelle=2641
"616",https://ge.ch/terextraitfoncier/rapport.aspx?commune=22&parcelle=2643
"617",https://ge.ch/terextraitfoncier/rapport.aspx?commune=22&parcelle=862
"618",https://ge.ch/terextraitfoncier/rapport.aspx?commune=22&parcelle=2535
"619",https://ge.ch/terextraitfoncier/rapport.aspx?commune=13&parcelle=4305
"620",https://ge.ch/terextraitfoncier/rapport.aspx?commune=13&parcelle=3730
"621",https://ge.ch/terextraitfoncier/rapport.aspx?commune=43&parcelle=3069
"622",https://ge.ch/terextraitfoncier/rapport.aspx?commune=43&parcelle=4637
"623",https://ge.ch/terextraitfoncier/rapport.aspx?commune=13&parcelle=3934
"624",https://ge.ch/terextraitfoncier/rapport.aspx?commune=13&parcelle=3955
"625",https://ge.ch/terextraitfoncier/rapport.aspx?commune=13&parcelle=3886
"626",https://ge.ch/terextraitfoncier/rapport.aspx?commune=13&parcelle=4257
"627",https://ge.ch/terextraitfoncier/rapport.aspx?commune=22&parcelle=2496
"628",https://ge.ch/terextraitfoncier/rapport.aspx?commune=22&parcelle=830
"629",https://ge.ch/terextraitfoncier/rapport.aspx?commune=22&parcelle=2603
"630",https://ge.ch/terextraitfoncier/rapport.aspx?commune=22&parcelle=2605
"631",https://ge.ch/terextraitfoncier/rapport.aspx?commune=22&parcelle=1928
"632",https://ge.ch/terextraitfoncier/rapport.aspx?commune=22&parcelle=2607
"633",https://ge.ch/terextraitfoncier/rapport.aspx?commune=17&parcelle=1402
"634",https://ge.ch/terextraitfoncier/rapport.aspx?commune=17&parcelle=1396
"635",https://ge.ch/terextraitfoncier/rapport.aspx?commune=17&parcelle=1298
"636",https://ge.ch/terextraitfoncier/rapport.aspx?commune=22&parcelle=2880
"637",https://ge.ch/terextraitfoncier/rapport.aspx?commune=13&parcelle=4236
"638",https://ge.ch/terextraitfoncier/rapport.aspx?commune=13&parcelle=3520
"639",https://ge.ch/terextraitfoncier/rapport.aspx?commune=23&parcelle=4114
"640",https://ge.ch/terextraitfoncier/rapport.aspx?commune=23&parcelle=4101
"641",https://ge.ch/terextraitfoncier/rapport.aspx?commune=23&parcelle=5646
"642",https://ge.ch/terextraitfoncier/rapport.aspx?commune=43&parcelle=6475
"643",https://ge.ch/terextraitfoncier/rapport.aspx?commune=43&parcelle=6476
"644",https://ge.ch/terextraitfoncier/rapport.aspx?commune=43&parcelle=6481
"645",https://ge.ch/terextraitfoncier/rapport.aspx?commune=43&parcelle=6479
"646",https://ge.ch/terextraitfoncier/rapport.aspx?commune=43&parcelle=6478
"647",https://ge.ch/terextraitfoncier/rapport.aspx?commune=43&parcelle=6480
"648",https://ge.ch/terextraitfoncier/rapport.aspx?commune=43&parcelle=6482
"649",https://ge.ch/terextraitfoncier/rapport.aspx?commune=47&parcelle=5316
"650",https://ge.ch/terextraitfoncier/rapport.aspx?commune=46&parcelle=3729
"651",https://ge.ch/terextraitfoncier/rapport.aspx?commune=46&parcelle=552
"652",https://ge.ch/terextraitfoncier/rapport.aspx?commune=46&parcelle=2251
"653",https://ge.ch/terextraitfoncier/rapport.aspx?commune=46&parcelle=3353
"654",https://ge.ch/terextraitfoncier/rapport.aspx?commune=47&parcelle=5453
"655",https://ge.ch/terextraitfoncier/rapport.aspx?commune=46&parcelle=261
"656",https://ge.ch/terextraitfoncier/rapport.aspx?commune=46&parcelle=255
"657",https://ge.ch/terextraitfoncier/rapport.aspx?commune=46&parcelle=2695
"658",https://ge.ch/terextraitfoncier/rapport.aspx?commune=46&parcelle=3631
"659",https://ge.ch/terextraitfoncier/rapport.aspx?commune=46&parcelle=5257
"660",https://ge.ch/terextraitfoncier/rapport.aspx?commune=46&parcelle=4672
"661",https://ge.ch/terextraitfoncier/rapport.aspx?commune=46&parcelle=2829
"662",https://ge.ch/terextraitfoncier/rapport.aspx?commune=46&parcelle=561
"663",https://ge.ch/terextraitfoncier/rapport.aspx?commune=46&parcelle=2787
"664",https://ge.ch/terextraitfoncier/rapport.aspx?commune=46&parcelle=1309
"665",https://ge.ch/terextraitfoncier/rapport.aspx?commune=46&parcelle=2986
"666",https://ge.ch/terextraitfoncier/rapport.aspx?commune=46&parcelle=3346
"667",https://ge.ch/terextraitfoncier/rapport.aspx?commune=46&parcelle=2987
"668",https://ge.ch/terextraitfoncier/rapport.aspx?commune=46&parcelle=4000
"669",https://ge.ch/terextraitfoncier/rapport.aspx?commune=47&parcelle=6514
"670",https://ge.ch/terextraitfoncier/rapport.aspx?commune=46&parcelle=3284
"671",https://ge.ch/terextraitfoncier/rapport.aspx?commune=46&parcelle=3701
"672",https://ge.ch/terextraitfoncier/rapport.aspx?commune=47&parcelle=6910
"673",https://ge.ch/terextraitfoncier/rapport.aspx?commune=47&parcelle=6708
"674",https://ge.ch/terextraitfoncier/rapport.aspx?commune=46&parcelle=5373
"675",https://ge.ch/terextraitfoncier/rapport.aspx?commune=46&parcelle=4985
"676",https://ge.ch/terextraitfoncier/rapport.aspx?commune=47&parcelle=6810
"677",https://ge.ch/terextraitfoncier/rapport.aspx?commune=47&parcelle=4776
"678",https://ge.ch/terextraitfoncier/rapport.aspx?commune=47&parcelle=6299
"679",https://ge.ch/terextraitfoncier/rapport.aspx?commune=47&parcelle=5163
"680",https://ge.ch/terextraitfoncier/rapport.aspx?commune=47&parcelle=6532
"681",https://ge.ch/terextraitfoncier/rapport.aspx?commune=47&parcelle=6448
"682",https://ge.ch/terextraitfoncier/rapport.aspx?commune=47&parcelle=6786
"683",https://ge.ch/terextraitfoncier/rapport.aspx?commune=47&parcelle=3993
"684",https://ge.ch/terextraitfoncier/rapport.aspx?commune=47&parcelle=5613
"685",https://ge.ch/terextraitfoncier/rapport.aspx?commune=47&parcelle=4823
"686",https://ge.ch/terextraitfoncier/rapport.aspx?commune=47&parcelle=6710
"687",https://ge.ch/terextraitfoncier/rapport.aspx?commune=46&parcelle=4165
"688",https://ge.ch/terextraitfoncier/rapport.aspx?commune=46&parcelle=1366
"689",https://ge.ch/terextraitfoncier/rapport.aspx?commune=47&parcelle=7012
"690",https://ge.ch/terextraitfoncier/rapport.aspx?commune=46&parcelle=2506
"691",https://ge.ch/terextraitfoncier/rapport.aspx?commune=46&parcelle=3695
"692",https://ge.ch/terextraitfoncier/rapport.aspx?commune=8&parcelle=2371
"693",https://ge.ch/terextraitfoncier/rapport.aspx?commune=8&parcelle=1861
"694",https://ge.ch/terextraitfoncier/rapport.aspx?commune=46&parcelle=2243
"695",https://ge.ch/terextraitfoncier/rapport.aspx?commune=46&parcelle=3572
"696",https://ge.ch/terextraitfoncier/rapport.aspx?commune=46&parcelle=2161
"697",https://ge.ch/terextraitfoncier/rapport.aspx?commune=46&parcelle=3342
"698",https://ge.ch/terextraitfoncier/rapport.aspx?commune=46&parcelle=1967
"699",https://ge.ch/terextraitfoncier/rapport.aspx?commune=8&parcelle=2054
"700",https://ge.ch/terextraitfoncier/rapport.aspx?commune=8&parcelle=1925
"701",https://ge.ch/terextraitfoncier/rapport.aspx?commune=46&parcelle=4588
"702",https://ge.ch/terextraitfoncier/rapport.aspx?commune=46&parcelle=378
"703",https://ge.ch/terextraitfoncier/rapport.aspx?commune=46&parcelle=4810
"704",https://ge.ch/terextraitfoncier/rapport.aspx?commune=46&parcelle=3865
"705",https://ge.ch/terextraitfoncier/rapport.aspx?commune=46&parcelle=1073
"706",https://ge.ch/terextraitfoncier/rapport.aspx?commune=23&parcelle=4235
"707",https://ge.ch/terextraitfoncier/rapport.aspx?commune=23&parcelle=4063
"708",https://ge.ch/terextraitfoncier/rapport.aspx?commune=23&parcelle=2680
"709",https://ge.ch/terextraitfoncier/rapport.aspx?commune=23&parcelle=4528
"710",https://ge.ch/terextraitfoncier/rapport.aspx?commune=23&parcelle=3994
"711",https://ge.ch/terextraitfoncier/rapport.aspx?commune=23&parcelle=3621
"712",https://ge.ch/terextraitfoncier/rapport.aspx?commune=46&parcelle=2717
"713",https://ge.ch/terextraitfoncier/rapport.aspx?commune=46&parcelle=2679
"714",https://ge.ch/terextraitfoncier/rapport.aspx?commune=46&parcelle=3740
"715",https://ge.ch/terextraitfoncier/rapport.aspx?commune=46&parcelle=3212
"716",https://ge.ch/terextraitfoncier/rapport.aspx?commune=46&parcelle=2813
"717",https://ge.ch/terextraitfoncier/rapport.aspx?commune=46&parcelle=3916
"718",https://ge.ch/terextraitfoncier/rapport.aspx?commune=46&parcelle=1052
"719",https://ge.ch/terextraitfoncier/rapport.aspx?commune=46&parcelle=2655
"720",https://ge.ch/terextraitfoncier/rapport.aspx?commune=46&parcelle=2816
"721",https://ge.ch/terextraitfoncier/rapport.aspx?commune=46&parcelle=3737
"722",https://ge.ch/terextraitfoncier/rapport.aspx?commune=47&parcelle=6060
"723",https://ge.ch/terextraitfoncier/rapport.aspx?commune=47&parcelle=6171
"724",https://ge.ch/terextraitfoncier/rapport.aspx?commune=47&parcelle=6319
"725",https://ge.ch/terextraitfoncier/rapport.aspx?commune=47&parcelle=3941
"726",https://ge.ch/terextraitfoncier/rapport.aspx?commune=23&parcelle=2414
"727",https://ge.ch/terextraitfoncier/rapport.aspx?commune=13&parcelle=3575
"728",https://ge.ch/terextraitfoncier/rapport.aspx?commune=43&parcelle=2959
"729",https://ge.ch/terextraitfoncier/rapport.aspx?commune=12&parcelle=1849
"730",https://ge.ch/terextraitfoncier/rapport.aspx?commune=12&parcelle=1763
"731",https://ge.ch/terextraitfoncier/rapport.aspx?commune=23&parcelle=4574
"732",https://ge.ch/terextraitfoncier/rapport.aspx?commune=12&parcelle=1848
"733",https://ge.ch/terextraitfoncier/rapport.aspx?commune=33&parcelle=13079
"734",https://ge.ch/terextraitfoncier/rapport.aspx?commune=33&parcelle=13080
"735",https://ge.ch/terextraitfoncier/rapport.aspx?commune=33&parcelle=13081
"736",https://ge.ch/terextraitfoncier/rapport.aspx?commune=34&parcelle=2432
"737",https://ge.ch/terextraitfoncier/rapport.aspx?commune=12&parcelle=1644
"738",https://ge.ch/terextraitfoncier/rapport.aspx?commune=13&parcelle=2605
"739",https://ge.ch/terextraitfoncier/rapport.aspx?commune=13&parcelle=3652
"740",https://ge.ch/terextraitfoncier/rapport.aspx?commune=13&parcelle=1929
"741",https://ge.ch/terextraitfoncier/rapport.aspx?commune=13&parcelle=1795
"742",https://ge.ch/terextraitfoncier/rapport.aspx?commune=13&parcelle=3312
"743",https://ge.ch/terextraitfoncier/rapport.aspx?commune=13&parcelle=3728
"744",https://ge.ch/terextraitfoncier/rapport.aspx?commune=12&parcelle=676
"745",https://ge.ch/terextraitfoncier/rapport.aspx?commune=22&parcelle=2414
"746",https://ge.ch/terextraitfoncier/rapport.aspx?commune=13&parcelle=1851
"747",https://ge.ch/terextraitfoncier/rapport.aspx?commune=13&parcelle=4185
"748",https://ge.ch/terextraitfoncier/rapport.aspx?commune=13&parcelle=2711
"749",https://ge.ch/terextraitfoncier/rapport.aspx?commune=13&parcelle=3952
"750",https://ge.ch/terextraitfoncier/rapport.aspx?commune=22&parcelle=1148
"751",https://ge.ch/terextraitfoncier/rapport.aspx?commune=22&parcelle=1683
"752",https://ge.ch/terextraitfoncier/rapport.aspx?commune=22&parcelle=2688
"753",https://ge.ch/terextraitfoncier/rapport.aspx?commune=12&parcelle=1647
"754",https://ge.ch/terextraitfoncier/rapport.aspx?commune=41&parcelle=10791
"755",https://ge.ch/terextraitfoncier/rapport.aspx?commune=41&parcelle=10790
"756",https://ge.ch/terextraitfoncier/rapport.aspx?commune=41&parcelle=10804
"757",https://ge.ch/terextraitfoncier/rapport.aspx?commune=41&parcelle=7364
"758",https://ge.ch/terextraitfoncier/rapport.aspx?commune=40&parcelle=2524
"759",https://ge.ch/terextraitfoncier/rapport.aspx?commune=41&parcelle=10443
"760",https://ge.ch/terextraitfoncier/rapport.aspx?commune=41&parcelle=10844
"761",https://ge.ch/terextraitfoncier/rapport.aspx?commune=47&parcelle=6450
"762",https://ge.ch/terextraitfoncier/rapport.aspx?commune=13&parcelle=3842
"763",https://ge.ch/terextraitfoncier/rapport.aspx?commune=47&parcelle=6505
"764",https://ge.ch/terextraitfoncier/rapport.aspx?commune=22&parcelle=1393
"765",https://ge.ch/terextraitfoncier/rapport.aspx?commune=13&parcelle=4216
"766",https://ge.ch/terextraitfoncier/rapport.aspx?commune=22&parcelle=2666
"767",https://ge.ch/terextraitfoncier/rapport.aspx?commune=22&parcelle=1072
"768",https://ge.ch/terextraitfoncier/rapport.aspx?commune=6&parcelle=3855
"769",https://ge.ch/terextraitfoncier/rapport.aspx?commune=17&parcelle=8
"770",https://ge.ch/terextraitfoncier/rapport.aspx?commune=17&parcelle=12
"771",https://ge.ch/terextraitfoncier/rapport.aspx?commune=17&parcelle=11
"772",https://ge.ch/terextraitfoncier/rapport.aspx?commune=43&parcelle=5319
"773",https://ge.ch/terextraitfoncier/rapport.aspx?commune=12&parcelle=1151
"774",https://ge.ch/terextraitfoncier/rapport.aspx?commune=23&parcelle=4651
"775",https://ge.ch/terextraitfoncier/rapport.aspx?commune=31&parcelle=2609
"776",https://ge.ch/terextraitfoncier/rapport.aspx?commune=23&parcelle=4240
"777",https://ge.ch/terextraitfoncier/rapport.aspx?commune=23&parcelle=4790
"778",https://ge.ch/terextraitfoncier/rapport.aspx?commune=22&parcelle=2806
"779",https://ge.ch/terextraitfoncier/rapport.aspx?commune=17&parcelle=10
"780",https://ge.ch/terextraitfoncier/rapport.aspx?commune=12&parcelle=1712
"781",https://ge.ch/terextraitfoncier/rapport.aspx?commune=22&parcelle=3103
"782",https://ge.ch/terextraitfoncier/rapport.aspx?commune=13&parcelle=4260
"783",https://ge.ch/terextraitfoncier/rapport.aspx?commune=22&parcelle=1142
"784",https://ge.ch/terextraitfoncier/rapport.aspx?commune=17&parcelle=1307
"785",https://ge.ch/terextraitfoncier/rapport.aspx?commune=17&parcelle=1702
"786",https://ge.ch/terextraitfoncier/rapport.aspx?commune=12&parcelle=277
"787",https://ge.ch/terextraitfoncier/rapport.aspx?commune=22&parcelle=1121
"788",https://ge.ch/terextraitfoncier/rapport.aspx?commune=17&parcelle=1388
"789",https://ge.ch/terextraitfoncier/rapport.aspx?commune=17&parcelle=1391
"790",https://ge.ch/terextraitfoncier/rapport.aspx?commune=12&parcelle=2820
"791",https://ge.ch/terextraitfoncier/rapport.aspx?commune=47&parcelle=247
"792",https://ge.ch/terextraitfoncier/rapport.aspx?commune=47&parcelle=5351
"793",https://ge.ch/terextraitfoncier/rapport.aspx?commune=47&parcelle=6318
"794",https://ge.ch/terextraitfoncier/rapport.aspx?commune=47&parcelle=5859
"795",https://ge.ch/terextraitfoncier/rapport.aspx?commune=47&parcelle=5075
"796",https://ge.ch/terextraitfoncier/rapport.aspx?commune=47&parcelle=6122
"797",https://ge.ch/terextraitfoncier/rapport.aspx?commune=47&parcelle=5609
"798",https://ge.ch/terextraitfoncier/rapport.aspx?commune=47&parcelle=5162
"799",https://ge.ch/terextraitfoncier/rapport.aspx?commune=46&parcelle=1965
"800",https://ge.ch/terextraitfoncier/rapport.aspx?commune=47&parcelle=5435
"801",https://ge.ch/terextraitfoncier/rapport.aspx?commune=47&parcelle=5143
"802",https://ge.ch/terextraitfoncier/rapport.aspx?commune=47&parcelle=5591
"803",https://ge.ch/terextraitfoncier/rapport.aspx?commune=48&parcelle=5698
"804",https://ge.ch/terextraitfoncier/rapport.aspx?commune=47&parcelle=4813
"805",https://ge.ch/terextraitfoncier/rapport.aspx?commune=46&parcelle=489
"806",https://ge.ch/terextraitfoncier/rapport.aspx?commune=39&parcelle=1317
"807",https://ge.ch/terextraitfoncier/rapport.aspx?commune=47&parcelle=6158
"808",https://ge.ch/terextraitfoncier/rapport.aspx?commune=47&parcelle=5623
"809",https://ge.ch/terextraitfoncier/rapport.aspx?commune=47&parcelle=5142
"810",https://ge.ch/terextraitfoncier/rapport.aspx?commune=48&parcelle=5359
"811",https://ge.ch/terextraitfoncier/rapport.aspx?commune=47&parcelle=5269
"812",https://ge.ch/terextraitfoncier/rapport.aspx?commune=47&parcelle=6066
"813",https://ge.ch/terextraitfoncier/rapport.aspx?commune=47&parcelle=5556
"814",https://ge.ch/terextraitfoncier/rapport.aspx?commune=39&parcelle=1357
"815",https://ge.ch/terextraitfoncier/rapport.aspx?commune=47&parcelle=5420
"816",https://ge.ch/terextraitfoncier/rapport.aspx?commune=47&parcelle=3870
"817",https://ge.ch/terextraitfoncier/rapport.aspx?commune=39&parcelle=1852
"818",https://ge.ch/terextraitfoncier/rapport.aspx?commune=47&parcelle=6584
"819",https://ge.ch/terextraitfoncier/rapport.aspx?commune=47&parcelle=5812
"820",https://ge.ch/terextraitfoncier/rapport.aspx?commune=47&parcelle=5565
"821",https://ge.ch/terextraitfoncier/rapport.aspx?commune=36&parcelle=10016
"822",https://ge.ch/terextraitfoncier/rapport.aspx?commune=36&parcelle=11051
"823",https://ge.ch/terextraitfoncier/rapport.aspx?commune=36&parcelle=6755
"824",https://ge.ch/terextraitfoncier/rapport.aspx?commune=39&parcelle=1475
"825",https://ge.ch/terextraitfoncier/rapport.aspx?commune=23&parcelle=1658
"826",https://ge.ch/terextraitfoncier/rapport.aspx?commune=46&parcelle=1958
"827",https://ge.ch/terextraitfoncier/rapport.aspx?commune=47&parcelle=229
"828",https://ge.ch/terextraitfoncier/rapport.aspx?commune=47&parcelle=5352
"829",https://ge.ch/terextraitfoncier/rapport.aspx?commune=12&parcelle=1112
"830",https://ge.ch/terextraitfoncier/rapport.aspx?commune=47&parcelle=5365
"831",https://ge.ch/terextraitfoncier/rapport.aspx?commune=47&parcelle=245
"832",https://ge.ch/terextraitfoncier/rapport.aspx?commune=12&parcelle=655
"833",https://ge.ch/terextraitfoncier/rapport.aspx?commune=46&parcelle=3339
"834",https://ge.ch/terextraitfoncier/rapport.aspx?commune=13&parcelle=1041
"835",https://ge.ch/terextraitfoncier/rapport.aspx?commune=47&parcelle=4224
"836",https://ge.ch/terextraitfoncier/rapport.aspx?commune=47&parcelle=6879
"837",https://ge.ch/terextraitfoncier/rapport.aspx?commune=47&parcelle=6057
"838",https://ge.ch/terextraitfoncier/rapport.aspx?commune=47&parcelle=2976
"839",https://ge.ch/terextraitfoncier/rapport.aspx?commune=48&parcelle=5700
"840",https://ge.ch/terextraitfoncier/rapport.aspx?commune=47&parcelle=5256
"841",https://ge.ch/terextraitfoncier/rapport.aspx?commune=47&parcelle=4615
"842",https://ge.ch/terextraitfoncier/rapport.aspx?commune=22&parcelle=2555
"843",https://ge.ch/terextraitfoncier/rapport.aspx?commune=40&parcelle=2488
"844",https://ge.ch/terextraitfoncier/rapport.aspx?commune=41&parcelle=7072
"845",https://ge.ch/terextraitfoncier/rapport.aspx?commune=41&parcelle=7165
"846",https://ge.ch/terextraitfoncier/rapport.aspx?commune=33&parcelle=14604
"847",https://ge.ch/terextraitfoncier/rapport.aspx?commune=41&parcelle=8095
"848",https://ge.ch/terextraitfoncier/rapport.aspx?commune=41&parcelle=6326
"849",https://ge.ch/terextraitfoncier/rapport.aspx?commune=22&parcelle=3459
"850",https://ge.ch/terextraitfoncier/rapport.aspx?commune=41&parcelle=10556
"851",https://ge.ch/terextraitfoncier/rapport.aspx?commune=47&parcelle=7131
"852",https://ge.ch/terextraitfoncier/rapport.aspx?commune=46&parcelle=5037
"853",https://ge.ch/terextraitfoncier/rapport.aspx?commune=46&parcelle=2928
"854",https://ge.ch/terextraitfoncier/rapport.aspx?commune=17&parcelle=234
"855",https://ge.ch/terextraitfoncier/rapport.aspx?commune=43&parcelle=4645
"856",https://ge.ch/terextraitfoncier/rapport.aspx?commune=47&parcelle=6181
"857",https://ge.ch/terextraitfoncier/rapport.aspx?commune=43&parcelle=4648
"858",https://ge.ch/terextraitfoncier/rapport.aspx?commune=47&parcelle=6201
"859",https://ge.ch/terextraitfoncier/rapport.aspx?commune=12&parcelle=686
"860",https://ge.ch/terextraitfoncier/rapport.aspx?commune=47&parcelle=5252
"861",https://ge.ch/terextraitfoncier/rapport.aspx?commune=22&parcelle=1147
"862",https://ge.ch/terextraitfoncier/rapport.aspx?commune=48&parcelle=5701
"863",https://ge.ch/terextraitfoncier/rapport.aspx?commune=22&parcelle=1058
"864",https://ge.ch/terextraitfoncier/rapport.aspx?commune=47&parcelle=243
"865",https://ge.ch/terextraitfoncier/rapport.aspx?commune=47&parcelle=5801
"866",https://ge.ch/terextraitfoncier/rapport.aspx?commune=22&parcelle=1073
"867",https://ge.ch/terextraitfoncier/rapport.aspx?commune=22&parcelle=1084
"868",https://ge.ch/terextraitfoncier/rapport.aspx?commune=12&parcelle=145
"869",https://ge.ch/terextraitfoncier/rapport.aspx?commune=17&parcelle=1320
"870",https://ge.ch/terextraitfoncier/rapport.aspx?commune=31&parcelle=3845
"871",https://ge.ch/terextraitfoncier/rapport.aspx?commune=31&parcelle=2611
"872",https://ge.ch/terextraitfoncier/rapport.aspx?commune=22&parcelle=1115
"873",https://ge.ch/terextraitfoncier/rapport.aspx?commune=13&parcelle=1817
"874",https://ge.ch/terextraitfoncier/rapport.aspx?commune=31&parcelle=2610
"875",https://ge.ch/terextraitfoncier/rapport.aspx?commune=17&parcelle=2009
"876",https://ge.ch/terextraitfoncier/rapport.aspx?commune=36&parcelle=6759
"877",https://ge.ch/terextraitfoncier/rapport.aspx?commune=36&parcelle=15402
"878",https://ge.ch/terextraitfoncier/rapport.aspx?commune=31&parcelle=3853
"879",https://ge.ch/terextraitfoncier/rapport.aspx?commune=31&parcelle=4349
"880",https://ge.ch/terextraitfoncier/rapport.aspx?commune=22&parcelle=2768
"881",https://ge.ch/terextraitfoncier/rapport.aspx?commune=22&parcelle=762
"882",https://ge.ch/terextraitfoncier/rapport.aspx?commune=22&parcelle=1517
"883",https://ge.ch/terextraitfoncier/rapport.aspx?commune=22&parcelle=3071
"884",https://ge.ch/terextraitfoncier/rapport.aspx?commune=22&parcelle=1067
"885",https://ge.ch/terextraitfoncier/rapport.aspx?commune=22&parcelle=1076
"886",https://ge.ch/terextraitfoncier/rapport.aspx?commune=22&parcelle=2893
"887",https://ge.ch/terextraitfoncier/rapport.aspx?commune=22&parcelle=1755
"888",https://ge.ch/terextraitfoncier/rapport.aspx?commune=22&parcelle=1070
"889",https://ge.ch/terextraitfoncier/rapport.aspx?commune=22&parcelle=1753
"890",https://ge.ch/terextraitfoncier/rapport.aspx?commune=22&parcelle=3127
"891",https://ge.ch/terextraitfoncier/rapport.aspx?commune=43&parcelle=5115
"892",https://ge.ch/terextraitfoncier/rapport.aspx?commune=22&parcelle=2397
"893",https://ge.ch/terextraitfoncier/rapport.aspx?commune=43&parcelle=5211
"894",https://ge.ch/terextraitfoncier/rapport.aspx?commune=13&parcelle=2726
"895",https://ge.ch/terextraitfoncier/rapport.aspx?commune=22&parcelle=1930
"896",https://ge.ch/terextraitfoncier/rapport.aspx?commune=22&parcelle=2538
"897",https://ge.ch/terextraitfoncier/rapport.aspx?commune=43&parcelle=4746
"898",https://ge.ch/terextraitfoncier/rapport.aspx?commune=22&parcelle=2884
"899",https://ge.ch/terextraitfoncier/rapport.aspx?commune=17&parcelle=2007
"900",https://ge.ch/terextraitfoncier/rapport.aspx?commune=8&parcelle=1913
"901",https://ge.ch/terextraitfoncier/rapport.aspx?commune=34&parcelle=1972
"902",https://ge.ch/terextraitfoncier/rapport.aspx?commune=17&parcelle=1645
"903",https://ge.ch/terextraitfoncier/rapport.aspx?commune=8&parcelle=3223
"904",https://ge.ch/terextraitfoncier/rapport.aspx?commune=8&parcelle=3222
"905",https://ge.ch/terextraitfoncier/rapport.aspx?commune=8&parcelle=2608
"906",https://ge.ch/terextraitfoncier/rapport.aspx?commune=34&parcelle=2452
"907",https://ge.ch/terextraitfoncier/rapport.aspx?commune=34&parcelle=2453
"908",https://ge.ch/terextraitfoncier/rapport.aspx?commune=22&parcelle=1052
"909",https://ge.ch/terextraitfoncier/rapport.aspx?commune=22&parcelle=1053
"910",https://ge.ch/terextraitfoncier/rapport.aspx?commune=8&parcelle=2698
"911",https://ge.ch/terextraitfoncier/rapport.aspx?commune=8&parcelle=2868
"912",https://ge.ch/terextraitfoncier/rapport.aspx?commune=46&parcelle=3907
"913",https://ge.ch/terextraitfoncier/rapport.aspx?commune=24&parcelle=1589
"914",https://ge.ch/terextraitfoncier/rapport.aspx?commune=24&parcelle=2397
"915",https://ge.ch/terextraitfoncier/rapport.aspx?commune=22&parcelle=3444
"916",https://ge.ch/terextraitfoncier/rapport.aspx?commune=22&parcelle=3445
"917",https://ge.ch/terextraitfoncier/rapport.aspx?commune=19&parcelle=4502
"918",https://ge.ch/terextraitfoncier/rapport.aspx?commune=46&parcelle=4938
"919",https://ge.ch/terextraitfoncier/rapport.aspx?commune=47&parcelle=252
"920",https://ge.ch/terextraitfoncier/rapport.aspx?commune=47&parcelle=6199
"921",https://ge.ch/terextraitfoncier/rapport.aspx?commune=46&parcelle=548
"922",https://ge.ch/terextraitfoncier/rapport.aspx?commune=16&parcelle=5598
"923",https://ge.ch/terextraitfoncier/rapport.aspx?commune=46&parcelle=1280
"924",https://ge.ch/terextraitfoncier/rapport.aspx?commune=46&parcelle=2985
"925",https://ge.ch/terextraitfoncier/rapport.aspx?commune=46&parcelle=320
"926",https://ge.ch/terextraitfoncier/rapport.aspx?commune=46&parcelle=2991
"927",https://ge.ch/terextraitfoncier/rapport.aspx?commune=46&parcelle=367
"928",https://ge.ch/terextraitfoncier/rapport.aspx?commune=47&parcelle=6312
"929",https://ge.ch/terextraitfoncier/rapport.aspx?commune=46&parcelle=2158
"930",https://ge.ch/terextraitfoncier/rapport.aspx?commune=46&parcelle=4583
"931",https://ge.ch/terextraitfoncier/rapport.aspx?commune=46&parcelle=5426
"932",https://ge.ch/terextraitfoncier/rapport.aspx?commune=46&parcelle=3343
"933",https://ge.ch/terextraitfoncier/rapport.aspx?commune=46&parcelle=2828
"934",https://ge.ch/terextraitfoncier/rapport.aspx?commune=46&parcelle=2242
"935",https://ge.ch/terextraitfoncier/rapport.aspx?commune=46&parcelle=2441
"936",https://ge.ch/terextraitfoncier/rapport.aspx?commune=43&parcelle=5357
"937",https://ge.ch/terextraitfoncier/rapport.aspx?commune=48&parcelle=3348
"938",https://ge.ch/terextraitfoncier/rapport.aspx?commune=46&parcelle=3978
"939",https://ge.ch/terextraitfoncier/rapport.aspx?commune=46&parcelle=2825
"940",https://ge.ch/terextraitfoncier/rapport.aspx?commune=17&parcelle=1804
"941",https://ge.ch/terextraitfoncier/rapport.aspx?commune=46&parcelle=4768
"942",https://ge.ch/terextraitfoncier/rapport.aspx?commune=46&parcelle=4991
"943",https://ge.ch/terextraitfoncier/rapport.aspx?commune=46&parcelle=1924
"944",https://ge.ch/terextraitfoncier/rapport.aspx?commune=47&parcelle=4777
"945",https://ge.ch/terextraitfoncier/rapport.aspx?commune=47&parcelle=6549
"946",https://ge.ch/terextraitfoncier/rapport.aspx?commune=47&parcelle=6276
"947",https://ge.ch/terextraitfoncier/rapport.aspx?commune=47&parcelle=6298
"948",https://ge.ch/terextraitfoncier/rapport.aspx?commune=47&parcelle=6102
"949",https://ge.ch/terextraitfoncier/rapport.aspx?commune=47&parcelle=6451
"950",https://ge.ch/terextraitfoncier/rapport.aspx?commune=17&parcelle=2324
"951",https://ge.ch/terextraitfoncier/rapport.aspx?commune=47&parcelle=6385
"952",https://ge.ch/terextraitfoncier/rapport.aspx?commune=47&parcelle=238
"953",https://ge.ch/terextraitfoncier/rapport.aspx?commune=47&parcelle=6573
"954",https://ge.ch/terextraitfoncier/rapport.aspx?commune=47&parcelle=5832
"955",https://ge.ch/terextraitfoncier/rapport.aspx?commune=47&parcelle=5642
"956",https://ge.ch/terextraitfoncier/rapport.aspx?commune=47&parcelle=6592
"957",https://ge.ch/terextraitfoncier/rapport.aspx?commune=17&parcelle=2323
"958",https://ge.ch/terextraitfoncier/rapport.aspx?commune=17&parcelle=2322
"959",https://ge.ch/terextraitfoncier/rapport.aspx?commune=47&parcelle=6516
"960",https://ge.ch/terextraitfoncier/rapport.aspx?commune=47&parcelle=5640
"961",https://ge.ch/terextraitfoncier/rapport.aspx?commune=8&parcelle=794
"962",https://ge.ch/terextraitfoncier/rapport.aspx?commune=46&parcelle=4074
"963",https://ge.ch/terextraitfoncier/rapport.aspx?commune=46&parcelle=5015
"964",https://ge.ch/terextraitfoncier/rapport.aspx?commune=8&parcelle=1577
"965",https://ge.ch/terextraitfoncier/rapport.aspx?commune=13&parcelle=4169
"966",https://ge.ch/terextraitfoncier/rapport.aspx?commune=47&parcelle=6907
"967",https://ge.ch/terextraitfoncier/rapport.aspx?commune=47&parcelle=6909
"968",https://ge.ch/terextraitfoncier/rapport.aspx?commune=46&parcelle=366
"969",https://ge.ch/terextraitfoncier/rapport.aspx?commune=46&parcelle=3889
"970",https://ge.ch/terextraitfoncier/rapport.aspx?commune=46&parcelle=545
"971",https://ge.ch/terextraitfoncier/rapport.aspx?commune=46&parcelle=5389
"972",https://ge.ch/terextraitfoncier/rapport.aspx?commune=46&parcelle=5386
"973",https://ge.ch/terextraitfoncier/rapport.aspx?commune=46&parcelle=5296
"974",https://ge.ch/terextraitfoncier/rapport.aspx?commune=46&parcelle=3573
"975",https://ge.ch/terextraitfoncier/rapport.aspx?commune=46&parcelle=2826
"976",https://ge.ch/terextraitfoncier/rapport.aspx?commune=46&parcelle=2440
"977",https://ge.ch/terextraitfoncier/rapport.aspx?commune=46&parcelle=2843
"978",https://ge.ch/terextraitfoncier/rapport.aspx?commune=46&parcelle=2835
"979",https://ge.ch/terextraitfoncier/rapport.aspx?commune=46&parcelle=2990
"980",https://ge.ch/terextraitfoncier/rapport.aspx?commune=46&parcelle=2844
"981",https://ge.ch/terextraitfoncier/rapport.aspx?commune=46&parcelle=2910
"982",https://ge.ch/terextraitfoncier/rapport.aspx?commune=46&parcelle=3783
"983",https://ge.ch/terextraitfoncier/rapport.aspx?commune=46&parcelle=3779
"984",https://ge.ch/terextraitfoncier/rapport.aspx?commune=46&parcelle=5269
"985",https://ge.ch/terextraitfoncier/rapport.aspx?commune=46&parcelle=4910
"986",https://ge.ch/terextraitfoncier/rapport.aspx?commune=46&parcelle=2541
"987",https://ge.ch/terextraitfoncier/rapport.aspx?commune=46&parcelle=3037
"988",https://ge.ch/terextraitfoncier/rapport.aspx?commune=46&parcelle=2725
"989",https://ge.ch/terextraitfoncier/rapport.aspx?commune=46&parcelle=5118
"990",https://ge.ch/terextraitfoncier/rapport.aspx?commune=46&parcelle=5115
"991",https://ge.ch/terextraitfoncier/rapport.aspx?commune=46&parcelle=2297
"992",https://ge.ch/terextraitfoncier/rapport.aspx?commune=46&parcelle=446
"993",https://ge.ch/terextraitfoncier/rapport.aspx?commune=46&parcelle=5008
"994",https://ge.ch/terextraitfoncier/rapport.aspx?commune=46&parcelle=2615
"995",https://ge.ch/terextraitfoncier/rapport.aspx?commune=46&parcelle=2812
"996",https://ge.ch/terextraitfoncier/rapport.aspx?commune=41&parcelle=6851
"997",https://ge.ch/terextraitfoncier/rapport.aspx?commune=12&parcelle=1642
"998",https://ge.ch/terextraitfoncier/rapport.aspx?commune=40&parcelle=2166
"999",https://ge.ch/terextraitfoncier/rapport.aspx?commune=12&parcelle=1147
"1000",https://ge.ch/terextraitfoncier/rapport.aspx?commune=41&parcelle=7355